Rank,Regulatory Class,Model Year,Manufacturer,Model Name,Vehicle Type,Weight (lbs),Drive Type,Transmission,Gears,Fuel Delivery,Horsepower (HP),Engine Displacement,2-Cycle MPG_City,2-Cycle MPG_Hwy,2-Cycle MPG
"Low","Car","1975","GM","TORONADO","Car","5500","Front","Automatic","-","Carb","175","455","8.50000","12.10000","9.80000"
"Low","Car","1976","Jaguar Land Rover","JENSEN","Car","4500","Rear","Automatic","-","Carb","250","440","8.60000","12.80000","10.10000"
"Low","Car","1977","BMW","ROLLS ROYCE","Car","5500","Rear","Automatic","-","Carb","170","412","8.70000","11.40000","9.70000"
"Low","Car","1978","FCA","MONACO","Car","5000","Rear","Automatic","-","Carb","240","440","8.30000","11.20000","9.40000"
"Low","Car","1979","Aston Martin","ASTON MARTIN V8","Car","4500","Rear","Manual","5","Carb","60","326","7.60000","12.40000","9.20000"
"Low","Car","1980","Aston Martin","79 ASTON MARTIN","Car","4500","Rear","Manual","5","Carb","275","326","7.60000","12.40000","9.20000"
"Low","Car","1981","BMW","CAMARGUE","Car","5500","Rear","Automatic","3","Port","170","412","8.90000","12.20000","10.10000"
"Low","Car","1981","BMW","CORNICHE","Car","5500","Rear","Automatic","3","Port","170","412","8.90000","12.20000","10.10000"
"Low","Car","1982","FCA","QUATTROPORTE","Car","5000","Rear","Automatic with Lockup","3","Carb","288","301","8.50000","12.60000","9.90000"
"Low","Car","1983","FCA","QUATTROPORTE","Car","5000","Rear","Automatic with Lockup","3","Carb","288","301","8.50000","12.60000","9.90000"
"Low","Car","1984","FCA","QUATTROPORTE","Car","5000","Rear","Automatic with Lockup","3","Carb","288","301","8.50000","12.60000","9.90000"
"Low","Car","1985","FCA","QUATTROPORTE","Car","5000","Rear","Automatic with Lockup","3","Carb","288","301","8.50000","12.60000","9.90000"
"Low","Car","1986","VW","COUNTACH","Car","3500","Rear","Manual","5","Port","420","315","6.80000","13.40000","8.70000"
"Low","Car","1987","VW","COUNTACH","Car","3500","Rear","Manual","5","Port","420","315","6.80000","13.40000","8.70000"
"Low","Car","1988","VW","COUNTACH","Car","3500","Rear","Manual","5","Port","420","315","6.80000","13.40000","8.70000"
"Low","Car","1989","VW","COUNTACH","Car","3500","Rear","Manual","5","TBI","420","315","6.80000","13.40000","8.70000"
"Low","Car","1990","Aston Martin","LAG","Car","5000","Rear","Automatic with Lockup","3","Port","240","326","9.30000","13.90000","10.90000"
"Low","Car","1991","Vector","VECTOR W8","Car","4000","Rear","Automatic","3","Port","450","365","8.20000","13.70000","10.00000"
"Low","Car","1992","Vector","VECTOR W8","Car","4000","Rear","Automatic","3","Port","450","365","8.20000","13.70000","10.00000"
"Low","Car","1993","Vector","VECTOR W8","Car","4000","Rear","Automatic","3","Port","450","365","8.20000","13.70000","10.00000"
"Low","Car","1994","VW","DB132/DIABLO","Car","4000","4wd","Manual","5","Port","492","348","10.40000","18.10000","12.80000"
"Low","Car","1995","FCA","FERRARI F50","Car","3000","Rear","Manual","6","Port","510","287","8.40000","14.10000","10.30000"
"Low","Car","1996","VW","AVTECH SC_-_M12","Car","4000","Rear","Manual","5","Port","492","348","9.90000","16.20000","12.00000"
"Low","Car","1997","VW","DB132-144 -_DIABLO","Car","4000","4wd","Manual","5","Port","492","348","10.20000","18.10000","12.70000"
"Low","Car","1998","Ferrari","FERRARI 550_MARANELLO","Car","4000","Rear","Manual","6","Port","475","334","10.10000","18.90000","12.80000"
"Low","Car","1999","FCA","FERRARI 550_MARANELLO","Car","4000","Rear","Manual","6","Port","475","334","10.00000","18.00000","12.50000"
"Low","Car","2000","FCA","FERRARI 550_MARANELLO","Car","4000","Rear","Manual","6","Port","475","334","9.40000","16.70000","11.70000"
"Low","Car","2001","FCA","FERRARI 550_MARANELLO-BARCHE","Car","4000","Rear","Manual","6","Port","475","334","9.40000","16.70000","11.70000"
"Low","Car","2002","VW","L-147 MURCIELAGO","Car","4000","4wd","Manual","6","Port","580","378","10.10000","16.30000","12.20000"
"Low","Car","2003","FCA","ENZO FERRARI","Car","3500","Rear","Automatic with Lockup","6","Port","646","366","8.40000","15.80000","10.70000"
"Low","Car","2004","VW","L-147-148 MURCIELAGO","Car","4000","4wd","Manual","6","Port","580","378","10.10000","17.10000","12.40000"
"Low","Car","2005","VW","L-147-148 MURCIELAGO","Car","4000","4wd","Manual","6","Port","580","378","10.10000","17.10000","12.40000"
"Low","Car","2006","VW","VEYRON","Car","4500","4wd","Automatic with Lockup","6","Port","1,001","488","9.40000","18.90000","12.10000"
"Low","Car","2007","VW","L-147-148 MURCIELAGO","Car","4000","4wd","Manual","6","Port","631","396","10.10000","17.50000","12.50000"
"Low","Car","2008","VW","VEYRON","Car","4500","4wd","Automatic with Lockup","6","Port","1,001","488","9.50000","17.80000","12.00000"
"Low","Car","2009","VW","MURCIELAGO ROADSTER","Car","4000","4wd","Manual","6","Port","631","396","10.10000","17.50000","12.50000"
"Low","Car","2010","VW","Veyron","Car","4500","4wd","Automatic","7","Port","1,001","488","9.50000","17.80000","12.00000"
"Low","Car","2011","Ferrari","Ferrari 612 SCAGLIETTI","Car","4500","Rear","Automatic","6","Port","532","348","11.50000","21.80000","14.60000"
"Low","Car","2012","VW","Veyron","Car","4500","4wd","Automatic","7","Port","1,200","488","10.00000","17.90000","12.50000"
"Low","Car","2013","VW","Veyron","Car","4500","4wd","Automatic with Lockup","7","Port","1,200","488","10.00000","17.90000","12.50000"
"Low","Car","2014","VW","Veyron","Car","4500","4wd","Automatic with Lockup","7","Port","1,200","488","10.00000","17.90000","12.50000"
"Low","Car","2015","VW","Aventador Roadster","Car","4000","4wd","Automatic with Lockup","7","Port","700","397","11.50000","21.20000","14.50000"
"Low","Car","2016","VW","Aventador Roadster","Car","4000","4wd","Automatic with Lockup","7","Port","700","397","12.00000","23.00000","15.30000"
"Low","Car","2017","VW","Aventador Coupe LP740-4","Car","4000","4wd","Automatic with Lockup","7","Port","740","397","11.90000","22.50000","15.10000"
"Low","Car","2018","VW","Chiron","Car","4500","4wd","Automatic with Lockup","7","Port","1,479","488","10.40000","18.20000","12.90000"
"Low","Car","Prelim. 2019","VW","Chiron","Car","4500","4wd","Automatic with Lockup","7","Port","1,479","488","10.40000","18.20000","12.90000"
"Low","Truck","1975","Ford","FORD F-250","Pickup","5000","Rear","Automatic","-","Carb","150","360","8.40000","10.00000","9.00000"
"Low","Truck","1976","GM","CHEV P20 STEP","Van","6500","Rear","Automatic","-","Carb","245","454","8.10000","10.90000","9.20000"
"Low","Truck","1977","Toyota","LAND CRUISER WAG","Truck SUV","4500","Rear","Manual","-","Carb","125","258","8.20000","11.40000","9.40000"
"Low","Truck","1978","GM","CHEV C20 SUBN","Truck SUV","5500","Rear","Automatic","-","Carb","185","454","8.90000","10.40000","9.50000"
"Low","Truck","1978","GM","GMC C2500 SUBN","Truck SUV","5500","Rear","Automatic","-","Carb","185","454","8.90000","10.40000","9.50000"
"Low","Truck","1979","Ford","PICKUP","Pickup","5500","Rear","Automatic","3","Carb","270","460","9.00000","9.90000","9.40000"
"Low","Truck","1980","GM","CAB CHAS.","Pickup","6000","Rear","Automatic with Lockup","3","Carb","155","350","9.00000","11.30000","9.90000"
"Low","Truck","1981","FCA","B250 VAN CONVERS","Van","5500","Rear","Automatic","3","Carb","170","360","9.90000","12.90000","11.10000"
"Low","Truck","1982","GM","G30 SPRTVN 2WD","Van","5500","Rear","Automatic with Lockup","3","Carb","165","350","10.60000","13.90000","11.90000"
"Low","Truck","1982","GM","G30 SPRTVN 2WD","Van","6000","Rear","Automatic with Lockup","3","Carb","165","350","10.60000","13.90000","11.90000"
"Low","Truck","1982","GM","G35 SPRTVN 2WD","Van","5500","Rear","Automatic with Lockup","3","Carb","165","350","10.60000","13.90000","11.90000"
"Low","Truck","1982","GM","G35 SPRTVN 2WD","Van","6000","Rear","Automatic with Lockup","3","Carb","165","350","10.60000","13.90000","11.90000"
"Low","Truck","1983","Ford","E250 ECONOLINE 2","Van","5500","Rear","Automatic","3","Carb","143","351","10.90000","13.90000","12.10000"
"Low","Truck","1984","FCA","B350 WAGON 2WD","Van","5500","Rear","Automatic","3","Carb","175","360","9.70000","13.70000","11.20000"
"Low","Truck","1985","Ford","E250 ECONOLINE 2","Van","5500","Rear","Automatic","3","Carb","154","351","10.60000","12.30000","11.30000"
"Low","Truck","1986","FCA","B350 WAGON 2WD","Van","5500","Rear","Automatic","3","Carb","170","360","10.90000","14.30000","12.20000"
"Low","Truck","1987","FCA","AW150 RAMCHARGER","Truck SUV","5000","4wd","Automatic","3","Carb","175","360","10.30000","14.40000","11.80000"
"Low","Truck","1988","FCA","W100/W150 PICKUP","Pickup","5000","4wd","Automatic","3","Carb","175","360","10.40000","13.70000","11.70000"
"Low","Truck","1988","FCA","W250 PICKUP 4WD","Pickup","5000","4wd","Automatic","3","Carb","175","360","10.40000","13.70000","11.70000"
"Low","Truck","1989","FCA","B350 WAGON 2WD","Van","5500","Rear","Automatic","3","TBI","145","360","11.00000","14.10000","12.20000"
"Low","Truck","1990","GM","C1500 P/U 2WD","Pickup","4500","Rear","Automatic","3","TBI","230","454","10.60000","14.10000","11.90000"
"Low","Truck","1991","FCA","W250 PICKUP 4WD","Pickup","5500","4wd","Manual","3","TBI","190","360","10.40000","16.10000","12.40000"
"Low","Truck","1992","FCA","W250 PICKUP 4WD","Pickup","5000","4wd","Manual","4","TBI","203","360","10.30000","16.70000","12.40000"
"Low","Truck","1992","FCA","W250 PICKUP 4WD","Pickup","5500","4wd","Manual","4","TBI","203","360","10.30000","16.70000","12.40000"
"Low","Truck","1993","GM","C1500 P/U 2WD","Pickup","4500","Rear","Automatic with Lockup","4","TBI","255","454","10.60000","15.80000","12.50000"
"Low","Truck","1994","FCA","B150/B250 WAGON","Van","5500","Rear","Automatic with Lockup","4","Port","230","360","12.70000","18.20000","14.70000"
"Low","Truck","1995","FCA","B3500 WAGON 2WD","Van","5500","Rear","Automatic with Lockup","4","Port","230","360","12.50000","18.70000","14.70000"
"Low","Truck","1996","FCA","RAM 1500_PICKUP_4WD","Pickup","5500","4wd","Automatic with Lockup","4","Port","230","360","12.20000","19.50000","14.70000"
"Low","Truck","1996","FCA","RAM 2500_PICKUP_4WD","Pickup","5500","4wd","Automatic with Lockup","4","Port","230","360","12.20000","19.50000","14.70000"
"Low","Truck","1997","FCA","B3500 WAGON_2WD","Van","5500","Rear","Automatic with Lockup","4","Port","230","360","12.10000","18.80000","14.40000"
"Low","Truck","1997","FCA","B3500 WAGON_2WD","Van","6000","Rear","Automatic with Lockup","4","Port","230","360","12.10000","18.80000","14.40000"
"Low","Truck","1998","FCA","RAM 1500_PICKUP_4WD","Pickup","6000","4wd","Automatic with Lockup","4","Port","235","360","12.80000","20.80000","15.50000"
"Low","Truck","1999","FCA","DURANGO 4WD","Truck SUV","5000","4wd","Automatic with Lockup","4","Port","245","360","13.00000","20.80000","15.70000"
"Low","Truck","1999","FCA","RAM 1500_PICKUP_4WD","Pickup","5000","4wd","Automatic with Lockup","4","Port","245","360","13.00000","20.80000","15.70000"
"Low","Truck","2000","FCA","RAM 1500_PICKUP_4WD","Pickup","6000","4wd","Automatic with Lockup","4","Port","230","318","12.80000","20.40000","15.40000"
"Low","Truck","2001","GM","K1500 SIERRA_4WD","Pickup","5500","4wd","Automatic with Lockup","4","Port","300","364","12.40000","18.00000","14.40000"
"Low","Truck","2002","FCA","RAM 1500_PICKUP_4WD","Pickup","5500","4wd","Automatic with Lockup","4","Port","245","360","12.70000","19.70000","15.10000"
"Low","Truck","2003","GM","G1500-2500 CHEVY_VAN_2WD","Van","6000","Rear","Automatic with Lockup","4","Port","300","364","10.70000","18.00000","13.10000"
"Low","Truck","2004","GM","G1500-2500 CHEVY VAN 2WD","Van","6000","Rear","Automatic with Lockup","4","Port","300","412","10.20000","17.10000","12.50000"
"Low","Truck","2004","GM","G1500-2500 SAVANA 2WD CARGO","Van","6000","Rear","Automatic with Lockup","4","Port","300","412","10.20000","17.10000","12.50000"
"Low","Truck","2005","FCA","RAM 1500 PICKUP 2WD","Pickup","6000","Rear","Automatic with Lockup","4","Port","500","505","10.00000","15.70000","12.00000"
"Low","Truck","2006","FCA","RAM 1500 PICKUP 2WD","Pickup","6000","Rear","Automatic with Lockup","4","Port","500","505","10.00000","15.70000","12.00000"
"Low","Truck","2007","Ford","STAGE3 F150 SUPERCREW 4WD","Pickup","6500","4wd","Automatic with Lockup","4","Port","445","330","12.90000","19.10000","15.10000"
"Low","Truck","2008","Mercedes","G55 AMG","Truck SUV","6000","4wd","Automatic with Lockup","5","Port","493","332","13.20000","18.50000","15.20000"
"Low","Truck","2009","Mercedes","ML63 AMG","Truck SUV","5500","4wd","Automatic with Lockup","7","Port","503","379","12.80000","19.80000","15.20000"
"Low","Truck","2010","Mercedes","ML 63 AMG","Truck SUV","5500","4wd","Automatic with Lockup","7","Port","503","384","12.80000","19.70000","15.20000"
"Low","Truck","2011","Ford","E150 Van Propane","Van","6000","Rear","Automatic with Lockup","4","Port","255","330","7.90000","9.20000","8.40000"
"Low","Truck","2011","Ford","E150 Wagon Propane","Van","6000","Rear","Automatic with Lockup","4","Port","255","330","7.90000","9.20000","8.40000"
"Low","Truck","2011","Ford","E250 Van Propane","Van","5500","Rear","Automatic with Lockup","4","Port","255","330","7.90000","9.20000","8.40000"
"Low","Truck","2011","Ford","E250 Van Propane","Van","6000","Rear","Automatic with Lockup","4","Port","255","330","7.90000","9.20000","8.40000"
"Low","Truck","2011","Ford","E350 Van Propane","Van","6500","Rear","Automatic with Lockup","4","Port","255","330","7.90000","9.20000","8.40000"
"Low","Truck","2011","Ford","E350 Wagon Propane","Van","6500","Rear","Automatic with Lockup","4","Port","255","330","7.90000","9.20000","8.40000"
"Low","Truck","2012","Ford","E150 Van Propane","Van","6000","Rear","Automatic with Lockup","4","Port","255","330","10.90000","12.70000","11.60000"
"Low","Truck","2012","Ford","E150 Wagon Propane","Van","6000","Rear","Automatic with Lockup","4","Port","255","330","10.90000","12.70000","11.60000"
"Low","Truck","2012","Ford","E250 Van Propane","Van","5500","Rear","Automatic with Lockup","4","Port","255","330","10.90000","12.70000","11.60000"
"Low","Truck","2012","Ford","E250 Van Propane","Van","6000","Rear","Automatic with Lockup","4","Port","255","330","10.90000","12.70000","11.60000"
"Low","Truck","2012","Ford","E350 Van Propane","Van","6500","Rear","Automatic with Lockup","4","Port","255","330","10.90000","12.70000","11.60000"
"Low","Truck","2012","Ford","E350 Wagon Propane","Van","6500","Rear","Automatic with Lockup","4","Port","255","330","10.90000","12.70000","11.60000"
"Low","Truck","2013","Ford","E150 Wagon Propane","Van","6500","Rear","Automatic with Lockup","4","Port","255","330","10.90000","12.70000","11.60000"
"Low","Truck","2013","Ford","E350 Wagon Propane","Van","6500","Rear","Automatic with Lockup","4","Port","255","330","10.90000","12.70000","11.60000"
"Low","Truck","2014","Ford","E150 Wagon Propane","Van","6500","Rear","Automatic with Lockup","4","Port","255","330","10.90000","12.70000","11.60000"
"Low","Truck","2014","Ford","E350 Wagon Propane","Van","6500","Rear","Automatic with Lockup","4","Port","255","330","10.90000","12.70000","11.60000"
"Low","Truck","2015","GM","G3500 EXPRESS 2WD PASS MDPV","Van","7000","Rear","Automatic with Lockup","6","Port","324","366","12.60000","20.60000","15.30000"
"Low","Truck","2015","GM","G3500 SAVANA 2WD PASS MDPV","Van","7000","Rear","Automatic with Lockup","6","Port","324","366","12.60000","20.60000","15.30000"
"Low","Truck","2016","Mercedes","AMG G65","Truck SUV","6000","4wd","Automatic with Lockup","7","Port","621","365","13.00000","18.60000","15.00000"
"Low","Truck","2017","Mercedes","G 550 4x4","Truck SUV","7000","4wd","Automatic with Lockup","7","GDI","416","243","12.90000","16.30000","14.20000"
"Low","Truck","2018","Mercedes","G 550 4x4","Truck SUV","7000","4wd","Automatic with Lockup","7","GDI","416","243","12.90000","16.30000","14.20000"
"Low","Truck","Prelim. 2019","Ford","F150 Pickup 2WD","Pickup","5500","Rear","Automatic with Lockup","10","Port","653","305","12.90000","19.60000","15.30000"
"Low","Truck","Prelim. 2019","Ford","F150 Pickup 4WD","Pickup","5500","4wd","Automatic with Lockup","10","Port","653","305","12.90000","19.60000","15.30000"
"High","Car","1975","Honda","CIVIC CVCC","Car","2000","Front","Manual","-","Carb","52","90","28.20000","42.30000","33.20000"
"High","Car","1976","Honda","CIVIC CVCC","Car","2000","Front","Manual","-","Carb","60","91","31.60000","42.80000","35.80000"
"High","Car","1977","Honda","CIVIC CVCC","Car","2000","Front","Manual","-","Carb","60","91","39.70000","51.60000","44.30000"
"High","Car","1978","VW","RABBIT","Car","2250","Front","Manual","-","Diesel","48","90","39.10000","52.20000","44.10000"
"High","Car","1979","VW","RABBIT","Car","2250","Front","Manual","5","Diesel","48","90","40.80000","54.60000","46.00000"
"High","Car","1980","VW","RABBIT","Car","2250","Front","Manual","5","Diesel","48","90","41.90000","56.50000","47.40000"
"High","Car","1981","VW","RABBIT","Car","2250","Front","Manual","4","Diesel","52","97","42.10000","58.20000","48.10000"
"High","Car","1982","VW","RABBIT","Car","2250","Front","Manual","4","Diesel","52","97","45.40000","57.80000","50.20000"
"High","Car","1983","Nissan","NISSAN SENTRA","Car","2250","Front","Manual","4","Diesel","55","103","48.20000","61.30000","53.40000"
"High","Car","1984","Honda","CIVIC COUPE","Car","2000","Front","Manual","5","Carb","60","82","50.80000","65.70000","56.50000"
"High","Car","1985","GM","FIREFLY","Car","1750","Front","Manual","5","Carb","48","61","52.70000","67.50000","58.50000"
"High","Car","1985","GM","SPRINT","Car","1750","Front","Manual","5","Carb","48","61","52.70000","67.50000","58.50000"
"High","Car","1985","Suzuki","SA310","Car","1750","Front","Manual","5","Carb","48","61","52.70000","67.50000","58.50000"
"High","Car","1986","GM","SPRINT ER","Car","1750","Front","Manual","5","Carb","46","61","61.50000","76.40000","67.40000"
"High","Car","1987","GM","SPRINT ER","Car","1750","Front","Manual","5","Carb","46","61","59.70000","74.50000","65.60000"
"High","Car","1988","GM","SPRINT METRO","Car","1750","Front","Manual","5","Carb","46","61","59.70000","74.50000","65.60000"
"High","Car","1989","Honda","CIVIC CRX","Car","2000","Front","Manual","5","Port","62","91","55.20000","70.60000","61.20000"
"High","Car","1990","GM","METRO XFI","Car","1750","Front","Manual","5","TBI","49","61","59.10000","74.80000","65.30000"
"High","Car","1991","GM","METRO XFI","Car","1750","Front","Manual","5","TBI","55","61","59.10000","74.70000","65.30000"
"High","Car","1992","GM","METRO XFi","Car","1750","Front","Manual","5","TBI","55","61","59.10000","74.80000","65.30000"
"High","Car","1993","GM","METRO XFi","Car","1750","Front","Manual","5","TBI","55","61","59.10000","74.80000","65.30000"
"High","Car","1994","GM","METRO XFi","Car","1750","Front","Manual","5","TBI","55","61","60.00000","74.70000","65.80000"
"High","Car","1995","Honda","CIVIC HB VX","Car","2250","Front","Manual","5","Port","91","91","51.70000","72.00000","59.20000"
"High","Car","1996","Suzuki","SWIFT","Car","2000","Front","Manual","5","TBI","55","61","49.50000","63.10000","54.80000"
"High","Car","1997","GM","METRO","Car","2000","Front","Manual","5","TBI","55","61","48.90000","63.20000","54.40000"
"High","Car","1998","GM","METRO","Car","2000","Front","Manual","5","TBI","55","60","47.50000","63.50000","53.60000"
"High","Car","1999","VW","NEW BEETLE","Car","3000","Front","Manual","5","Diesel","90","116","46.30000","62.80000","52.50000"
"High","Car","1999","VW","NEW GOLF","Car","3000","Front","Manual","5","Diesel","90","116","46.30000","62.80000","52.50000"
"High","Car","1999","VW","NEW JETTA","Car","3000","Front","Manual","5","Diesel","90","116","46.30000","62.80000","52.50000"
"High","Car","2000","Honda","INSIGHT","Car","2000","Front","Manual","5","Port","67","61","68.30000","89.40000","76.40000"
"High","Car","2001","Honda","INSIGHT","Car","2000","Front","Manual","5","Port","67","61","67.70000","88.10000","75.60000"
"High","Car","2002","Honda","INSIGHT","Car","2000","Front","Manual","5","Port","67","61","67.70000","87.20000","75.30000"
"High","Car","2003","Honda","INSIGHT","Car","2000","Front","Manual","5","Port","67","61","67.40000","87.20000","75.10000"
"High","Car","2004","Honda","INSIGHT","Car","2000","Front","Manual","5","Port","67","61","67.10000","84.10000","73.80000"
"High","Car","2005","Honda","INSIGHT","Car","2000","Front","Manual","5","Port","73","61","67.70000","84.40000","74.30000"
"High","Car","2006","Honda","INSIGHT","Car","2000","Front","Manual","5","Port","73","61","67.00000","84.20000","73.80000"
"High","Car","2007","Toyota","PRIUS","Car","3000","Front","CVT","1","Port","76","91","66.60000","64.80000","65.80000"
"High","Car","2008","Toyota","PRIUS","Car","3000","Front","CVT","1","Port","76","91","66.60000","64.80000","65.80000"
"High","Car","2009","Toyota","PRIUS","Car","3000","Front","CVT","1","Port","76","91","66.60000","64.80000","65.80000"
"High","Car","2010","Honda","FCX","Car","4000","Front","Automatic with Lockup","1","FCV","130","-","84.90000","86.80000","85.70000"
"High","Car","2011","BMW","1 Series Active E","Car","4000","Rear","Automatic","1","Electric","168","-","152.50000","137.70000","145.50000"
"High","Car","2012","Mitsubishi","i-MiEV","Car","2750","Rear","Automatic with Lockup","1","Electric","66","-","180.50000","141.00000","160.30000"
"High","Car","2013","Toyota","iQ EV","Car","2750","Front","CVT","1","Electric","63","-","197.60000","149.70000","172.70000"
"High","Car","2014","BMW","I3 BEV","Car","3000","Rear","Automatic","1","Electric","168","-","196.40000","159.10000","177.70000"
"High","Car","2015","BMW","I3 BEV","Car","3000","Rear","Automatic","1","Electric","168","-","196.40000","159.10000","177.70000"
"High","Car","2016","BMW","I3 BEV","Car","3000","Rear","Automatic","1","Electric","170","-","196.40000","159.10000","177.70000"
"High","Car","2017","Hyundai","Ioniq Electric","Car","3500","Front","Automatic","1","Electric","118","-","224.80000","182.70000","203.70000"
"High","Car","2018","Hyundai","Ioniq Electric","Car","3500","Front","Automatic","1","Electric","118","-","224.80000","182.70000","203.70000"
"High","Car","Prelim. 2019","Hyundai","Ioniq Electric","Car","3500","Front","Automatic","1","Electric","118","-","224.80000","182.70000","203.70000"
"High","Truck","1975","Nissan","PICKUP","Pickup","2750","Rear","Manual","-","Carb","107","119","20.40000","31.70000","24.30000"
"High","Truck","1976","Ford","COURIER PICKUP","Pickup","3000","Rear","Manual","-","Carb","65","109","23.50000","33.30000","27.00000"
"High","Truck","1977","Ford","COURIER CAB CHAS","Pickup","3000","Rear","Manual","-","Carb","67","110","27.80000","39.80000","32.20000"
"High","Truck","1977","Ford","COURIER PICKUP","Pickup","3000","Rear","Manual","-","Carb","67","110","27.80000","39.80000","32.20000"
"High","Truck","1977","Mazda","MAZDA B1800 PICK","Pickup","3000","Rear","Manual","-","Carb","67","110","27.80000","39.80000","32.20000"
"High","Truck","1978","Ford","COURIER CAB CHAS","Pickup","3000","Rear","Manual","-","Carb","67","110","29.20000","38.40000","32.70000"
"High","Truck","1978","Ford","COURIER PICKUP","Pickup","3000","Rear","Manual","-","Carb","67","110","29.20000","38.40000","32.70000"
"High","Truck","1978","Mazda","B1800 PICKUP","Pickup","3000","Rear","Manual","-","Carb","67","110","29.20000","38.40000","32.70000"
"High","Truck","1979","Ford","COURIER PICKUP","Pickup","3000","Rear","Manual","5","Carb","72","120","26.70000","36.80000","30.50000"
"High","Truck","1979","Mazda","B2000 PICKUP","Pickup","3000","Rear","Manual","5","Carb","72","120","26.70000","36.80000","30.50000"
"High","Truck","1980","VW","2WD","Pickup","2250","Front","Manual","5","Diesel","48","90","39.90000","53.30000","45.00000"
"High","Truck","1981","VW","P/U 2WD","Pickup","2250","Front","Manual","5","Diesel","52","97","37.20000","50.80000","42.30000"
"High","Truck","1982","VW","P/U 2WD","Pickup","2250","Front","Manual","4","Diesel","52","97","40.60000","48.00000","43.60000"
"High","Truck","1983","VW","P/U 2WD","Pickup","2250","Front","Manual","4","Diesel","52","97","42.00000","49.60000","45.10000"
"High","Truck","1984","GM","P'UP P/U 2WD","Pickup","2750","Rear","Manual","4","Diesel","62","137","38.40000","49.10000","42.60000"
"High","Truck","1985","GM","P'UP P/U 2WD","Pickup","2750","Rear","Manual","4","Diesel","62","137","38.40000","49.10000","42.60000"
"High","Truck","1986","GM","P'UP 2WD","Pickup","2750","Rear","Manual","4","Diesel","62","137","38.40000","49.10000","42.60000"
"High","Truck","1987","GM","P'UP-2WD","Pickup","3000","Rear","Manual","4","Diesel","60","137","38.40000","49.80000","42.80000"
"High","Truck","1988","Suzuki","SAMURAI","Truck SUV","2250","4wd","Manual","5","Carb","64","81","30.60000","37.20000","33.20000"
"High","Truck","1989","Suzuki","SIDEKICK","Truck SUV","2250","4wd","Manual","5","Carb","64","79","31.00000","36.90000","33.40000"
"High","Truck","1990","Suzuki","SAMURAI","Truck SUV","2500","4wd","Manual","5","TBI","66","79","31.20000","36.80000","33.50000"
"High","Truck","1991","Suzuki","SAMURAI","Truck SUV","2500","4wd","Manual","5","TBI","66","79","31.30000","36.70000","33.50000"
"High","Truck","1992","Suzuki","SAMURAI","Truck SUV","2500","4wd","Manual","5","TBI","66","79","31.20000","36.80000","33.50000"
"High","Truck","1993","Suzuki","SAMURAI","Truck SUV","2500","4wd","Manual","5","TBI","66","79","31.20000","36.80000","33.50000"
"High","Truck","1994","Suzuki","SAMURAI","Truck SUV","2500","4wd","Manual","5","TBI","66","79","31.20000","36.80000","33.50000"
"High","Truck","1995","Suzuki","SAMURAI","Truck SUV","2500","4wd","Manual","5","TBI","66","79","31.30000","36.80000","33.60000"
"High","Truck","1996","GM","S10 PICKUP_2WD","Pickup","3000","Rear","Manual","5","Port","118","134","26.60000","39.80000","31.30000"
"High","Truck","1996","GM","SONOMA 2WD","Pickup","3000","Rear","Manual","5","Port","118","134","26.60000","39.80000","31.30000"
"High","Truck","1997","GM","S10 PICKUP_2WD","Pickup","3000","Rear","Manual","5","Port","118","134","26.60000","39.80000","31.30000"
"High","Truck","1997","GM","SONOMA 2WD","Pickup","3000","Rear","Manual","5","Port","118","134","26.60000","39.80000","31.30000"
"High","Truck","1998","Suzuki","X-90 4WD","Truck SUV","2750","4wd","Manual","5","Port","95","97","27.60000","35.90000","30.80000"
"High","Truck","1999","GM","TRACKER 4X4_CONVERTIBLE","Truck SUV","3000","4wd","Manual","5","Port","97","97","28.10000","35.80000","31.10000"
"High","Truck","2000","GM","TRACKER CONVERTIBLE_4X4","Truck SUV","3000","4wd","Manual","5","Port","97","97","27.90000","35.00000","30.70000"
"High","Truck","2000","Suzuki","VITARA CONVERTIBLE_4WD","Truck SUV","3000","4wd","Manual","5","Port","97","97","27.90000","35.00000","30.70000"
"High","Truck","2001","Ford","RANGER PICKUP_2WD","Pickup","3500","Rear","Manual","5","Port","138","140","26.70000","35.00000","29.90000"
"High","Truck","2001","Mazda","B2300 2WD","Pickup","3500","Rear","Manual","5","Port","138","140","26.70000","35.00000","29.90000"
"High","Truck","2002","GM","TRACKER 4WD_HARDTOP","Truck SUV","3500","4wd","Automatic with Lockup","4","Port","141","118","28.60000","39.50000","32.70000"
"High","Truck","2002","Suzuki","VITARA 4-DOOR_4WD","Truck SUV","3500","4wd","Automatic with Lockup","4","Port","141","118","28.60000","39.50000","32.70000"
"High","Truck","2003","Ford","RANGER PICKUP_2WD","Pickup","3500","Rear","Manual","5","Port","140","140","26.70000","36.50000","30.40000"
"High","Truck","2003","Mazda","B2300 2WD","Pickup","3500","Rear","Manual","5","Port","140","140","26.70000","36.50000","30.40000"
"High","Truck","2004","Ford","RANGER PICKUP 2WD","Pickup","3500","Rear","Manual","5","Port","140","140","26.20000","37.10000","30.20000"
"High","Truck","2004","Mazda","B2300 2WD","Pickup","3500","Rear","Manual","5","Port","140","140","26.20000","37.10000","30.20000"
"High","Truck","2005","Ford","ESCAPE HEV 4WD","Truck SUV","4000","4wd","CVT","1","Port","135","140","36.50000","36.70000","36.60000"
"High","Truck","2006","Ford","ESCAPE HYBRID 4WD","Truck SUV","4000","4wd","CVT","1","Port","135","140","36.50000","36.70000","36.60000"
"High","Truck","2006","Ford","MARINER HYBRID 4WD","Truck SUV","4000","4wd","CVT","1","Port","135","140","36.50000","36.70000","36.60000"
"High","Truck","2006","Mazda","TRIBUTE HYBRID 4WD","Truck SUV","4000","4wd","CVT","1","Port","135","140","36.50000","36.70000","36.60000"
"High","Truck","2007","Ford","ESCAPE HYBRID 4WD","Truck SUV","4000","4wd","CVT","1","Port","133","140","35.80000","37.30000","36.50000"
"High","Truck","2007","Ford","MARINER HYBRID 4WD","Truck SUV","4000","4wd","CVT","1","Port","133","140","35.80000","37.30000","36.50000"
"High","Truck","2008","Ford","ESCAPE HYBRID 4WD","Truck SUV","4000","4wd","CVT","1","Port","133","140","38.30000","37.70000","38.00000"
"High","Truck","2008","Ford","MARINER HYBRID 4WD","Truck SUV","4000","4wd","CVT","1","Port","133","140","38.30000","37.70000","38.00000"
"High","Truck","2008","Mazda","TRIBUTE HYBRID 4WD","Truck SUV","4000","4wd","CVT","1","Port","133","140","38.30000","37.70000","38.00000"
"High","Truck","2009","GM","VUE HYBRID","Truck SUV","4500","Front","CVT","1","GDI","262","218","34.50000","41.70000","37.40000"
"High","Truck","2010","Mazda","TRIBUTE HYBRID 4WD","Truck SUV","4000","4wd","CVT","1","Port","155","153","40.10000","38.30000","39.30000"
"High","Truck","2011","Ford","ESCAPE HYBRID 4WD","Truck SUV","4000","4wd","CVT","1","Port","155","153","39.80000","38.10000","39.00000"
"High","Truck","2011","Ford","MARINER HYBRID 4WD","Truck SUV","4000","4wd","CVT","1","Port","155","153","39.80000","38.10000","39.00000"
"High","Truck","2012","Ford","ESCAPE HYBRID AWD","Truck SUV","4000","4wd","CVT","1","Port","155","153","39.80000","38.10000","39.00000"
"High","Truck","2013","Toyota","RX 450h AWD","Truck SUV","5000","4wd","CVT","1","Port","245","211","38.50000","38.60000","38.60000"
"High","Truck","2014","Subaru","XV CROSSTREK AWD","Truck SUV","3500","4wd","CVT","1","Port","148","122","37.90000","46.40000","41.30000"
"High","Truck","2015","Toyota","NX 300h AWD","Truck SUV","4500","4wd","CVT","1","Port","112","152","43.70000","42.40000","43.10000"
"High","Truck","2016","Toyota","RAV4 HYBRID AWD","Truck SUV","4000","4wd","CVT","1","Port","112","152","45.90000","43.40000","44.70000"
"High","Truck","2017","FCA","Pacifica Hybrid","Van","5000","Front","CVT","1","Port","220","220","98.40000","63.20000","78.00000"
"High","Truck","2018","Tesla","Model X 75D","Truck SUV","5500","4wd","Automatic","1","Electric","-","-","124.20000","130.00000","126.70000"
"High","Truck","Prelim. 2019","Tesla","Model X Long Range","Truck SUV","6000","4wd","Automatic","1","Electric","-","-","132.10000","124.80000","128.70000"
